300,0
305,0
310,0
315,0
320,0
325,0
330,0
335,0
340,0
345,0
350,0
355,0
360,0.000203344694455154
365,0.000192451421753503
370,0.000107082887552679
375,0
380,9.32347829802893E-05
385,1.17569952635677E-05
390,4.24186619056854E-05
395,8.02082649897784E-05
400,7.59118411224335E-05
405,8.51171062095091E-05
410,9.19360099942423E-05
415,0.000152395063196309
420,0.000409399159252644
425,0.000920351129025221
430,0.00200211093761027
435,0.00406532781198621
440,0.00787889119237661
445,0.0148787181824446
450,0.0240262448787689
455,0.0283975321799517
460,0.0246536862105131
465,0.0190251767635345
470,0.0151662454009056
475,0.0120935728773475
480,0.0100321331992745
485,0.00956337153911591
490,0.00998721178621054
495,0.0108579443767667
500,0.0120364697650075
505,0.0131946001201868
510,0.0141089577227831
515,0.014760565944016
520,0.0151264686137438
525,0.0153565425425768
530,0.0154299177229404
535,0.0154222585260868
540,0.0154961617663503
545,0.0155050959438086
550,0.0155148738995194
555,0.0155267501249909
560,0.0155092468485236
565,0.0154521614313126
570,0.0153236873447895
575,0.0149762267246842
580,0.0146267479285598
585,0.0142372446134686
590,0.013655299320817
595,0.0131283588707447
600,0.0125435926020145
605,0.0132024167105556
610,0.0158646479249001
615,0.0163946002721787
620,0.0132185984402895
625,0.0154211893677711
630,0.024708230048418
635,0.0232748743146658
640,0.0126244286075234
645,0.00827082432806492
650,0.00702302670106292
655,0.00519628822803497
660,0.00393181666731834
665,0.00303126755170524
670,0.00260268617421389
675,0.00220430456101894
680,0.00175371917430311
685,0.00165313470643014
690,0.00151942169759423
695,0.00128944963216782
700,0.00124754419084638
705,0.00110601785127074
710,0.000904507993254811
715,0.000813700316939503
720,0.000617169484030455
725,0.000551188422832638
730,0.00048031413462013
735,0.000418852607253939
740,0.000369064509868622
745,0.000354981806594878
750,0.000367659289622679
755,0.000383333157515153
760,0.000294586177915335
765,0.000366297899745405
770,0.000387569045415148
775,0.000157220973051153
780,0.000242115958826616
785,0
790,0
795,0
800,0
805,0
810,0
815,0
820,0
825,0
830,0
835,0
840,0
845,0
850,0
855,0
860,0
865,0
870,0
875,0
880,0
885,0
890,0
895,0
900,0
905,0
910,0
915,0
920,0
925,0
930,0
935,0
940,0
945,0
950,0
955,0
960,0
965,0
970,0
975,0
980,0
985,0
990,0
995,0
1000,0
1005,0
1010,0
1015,0
1020,0
1025,0
1030,0
1035,0
1040,0
1045,0
1050,0
1055,0
1060,0
1065,0
1070,0
1075,0
1080,0
1085,0
1090,0
1095,0
1100,0
